{
  "Algeria": {
    "alpha2": "DZ",
    "alpha3": "DZA",
    "region": "North Africa",
    "capital": "Algiers"
  },
  "Angola": {
    "alpha2": "AO",
    "alpha3": "AGO",
    "region": "Central Africa",
    "capital": "Luanda"
  },
  "Benin": {
    "alpha2": "BJ",
    "alpha3": "BEN",
    "region": "West Africa",
    "capital": "Porto-Novo"
  },
  "Botswana": {
    "alpha2": "BW",
    "alpha3": "BWA",
    "region": "South Africa",
    "capital": "Gaborone"
  },
  "Burkina Faso": {
    "alpha2": "BF",
    "alpha3": "BFA",
    "region": "West Africa",
    "capital": "Ouagadougou"
  },
  "Burundi": {
    "alpha2": "BI",
    "alpha3": "BDI",
    "region": "East Africa",
    "capital": "Gitega"
  },
  "Cabo Verde": {
    "alpha2": "CV",
    "alpha3": "CPV",
    "region": "West Africa",
    "capital": "Praia"
  },
  "Cameroon": {
    "alpha2": "CM",
    "alpha3": "CMR",
    "region": "Central Africa",
    "capital": "Yaoundé"
  },
  "Central African Republic": {
    "alpha2": "CF",
    "alpha3": "CAF",
    "region": "Central Africa",
    "capital": "Bangui"
  },
  "Chad": {
    "alpha2": "TD",
    "alpha3": "TCD",
    "region": "Central Africa",
    "capital": "N'Djamena"
  },
  "Comoros": {
    "alpha2": "KM",
    "alpha3": "COM",
    "region": "East Africa",
    "capital": "Moroni"
  },
  "Republic of the Congo": {
    "alpha2": "CG",
    "alpha3": "COG",
    "region": "Central Africa",
    "capital": "Brazzaville"
  },
  "Democratic Republic of the Congo": {
    "alpha2": "CD",
    "alpha3": "COD",
    "region": "Central Africa",
    "capital": "Kinshasa"
  },
  "Djibouti": {
    "alpha2": "DJ",
    "alpha3": "DJI",
    "region": "East Africa",
    "capital": "Djibouti"
  },
  "Egypt": {
    "alpha2": "EG",
    "alpha3": "EGY",
    "region": "North Africa",
    "capital": "Cairo"
  },
  "Equatorial Guinea": {
    "alpha2": "GQ",
    "alpha3": "GNQ",
    "region": "Central Africa",
    "capital": "Malabo"
  },
  "Eritrea": {
    "alpha2": "ER",
    "alpha3": "ERI",
    "region": "East Africa",
    "capital": "Asmara"
  },
  "Swaziland": {
    "alpha2": "SZ",
    "alpha3": "SWZ",
    "region": "South Africa",
    "capital": "Mbabane"
  },
  "Ethiopia": {
    "alpha2": "ET",
    "alpha3": "ETH",
    "region": "East Africa",
    "capital": "Addis Ababa"
  },
  "Gabon": {
    "alpha2": "GA",
    "alpha3": "GAB",
    "region": "Central Africa",
    "capital": "Libreville"
  },
  "Gambia": {
    "alpha2": "GM",
    "alpha3": "GMB",
    "region": "West Africa",
    "capital": "Banjul"
  },
  "Ghana": {
    "alpha2": "GH",
    "alpha3": "GHA",
    "region": "West Africa",
    "capital": "Accra"
  },
  "Guinea": {
    "alpha2": "GN",
    "alpha3": "GIN",
    "region": "West Africa",
    "capital": "Conakry"
  },
  "Guinea Bissau": {
    "alpha2": "GW",
    "alpha3": "GNB",
    "region": "West Africa",
    "capital": "Bissau"
  },
  "Ivory Coast": {
    "alpha2": "CI",
    "alpha3": "CIV",
    "region": "West Africa",
    "capital": "Yamoussoukro"
  },
  "Kenya": {
    "alpha2": "KE",
    "alpha3": "KEN",
    "region": "East Africa",
    "capital": "Nairobi"
  },
  "Lesotho": {
    "alpha2": "LS",
    "alpha3": "LSO",
    "region": "South Africa",
    "capital": "Maseru"
  },
  "Liberia": {
    "alpha2": "LR",
    "alpha3": "LBR",
    "region": "West Africa",
    "capital": "Monrovia"
  },
  "Libya": {
    "alpha2": "LY",
    "alpha3": "LBY",
    "region": "North Africa",
    "capital": "Tripoli"
  },
  "Madagascar": {
    "alpha2": "MG",
    "alpha3": "MDG",
    "region": "East Africa",
    "capital": "Antananarivo"
  },
  "Malawi": {
    "alpha2": "MW",
    "alpha3": "MWI",
    "region": "East Africa",
    "capital": "Lilongwe"
  },
  "Mali": {
    "alpha2": "ML",
    "alpha3": "MLI",
    "region": "West Africa",
    "capital": "Bamako"
  },
  "Mauritania": {
    "alpha2": "MR",
    "alpha3": "MRT",
    "region": "West Africa",
    "capital": "Nouakchott"
  },
  "Mauritius": {
    "alpha2": "MU",
    "alpha3": "MUS",
    "region": "East Africa",
    "capital": "Port Louis"
  },
  "Morocco": {
    "alpha2": "MA",
    "alpha3": "MAR",
    "region": "North Africa",
    "capital": "Rabat"
  },
  "Mozambique": {
    "alpha2": "MZ",
    "alpha3": "MOZ",
    "region": "East Africa",
    "capital": "Maputo"
  },
  "Namibia": {
    "alpha2": "NA",
    "alpha3": "NAM",
    "region": "South Africa",
    "capital": "Windhoek"
  },
  "Niger": {
    "alpha2": "NE",
    "alpha3": "NER",
    "region": "West Africa",
    "capital": "Niamey"
  },
  "Nigeria": {
    "alpha2": "NG",
    "alpha3": "NGA",
    "region": "West Africa",
    "capital": "Abuja"
  },
  "Rwanda": {
    "alpha2": "RW",
    "alpha3": "RWA",
    "region": "East Africa",
    "capital": "Kigali"
  },
  "Sao Tome and Principe": {
    "alpha2": "ST",
    "alpha3": "STP",
    "region": "Central Africa",
    "capital": "São Tomé"
  },
  "Senegal": {
    "alpha2": "SN",
    "alpha3": "SEN",
    "region": "West Africa",
    "capital": "Dakar"
  },
  "Seychelles": {
    "alpha2": "SC",
    "alpha3": "SYC",
    "region": "East Africa",
    "capital": "Victoria"
  },
  "Sierra Leone": {
    "alpha2": "SL",
    "alpha3": "SLE",
    "region": "West Africa",
    "capital": "Freetown"
  },
  "Somalia": {
    "alpha2": "SO",
    "alpha3": "SOM",
    "region": "East Africa",
    "capital": "Mogadishu"
  },
  "Somaliland": {
    "alpha2": null,
    "alpha3": null,
    "region": "East Africa",
    "capital": "Hargeisa"
  },
  "South Africa": {
    "alpha2": "ZA",
    "alpha3": "ZAF",
    "region": "South Africa",
    "capital": "Pretoria"
  },
  "South Sudan": {
    "alpha2": "SS",
    "alpha3": "SSD",
    "region": "East Africa",
    "capital": "Juba"
  },
  "Sudan": {
    "alpha2": "SD",
    "alpha3": "SDN",
    "region": "North Africa",
    "capital": "Khartoum"
  },
  "United Republic of Tanzania": {
    "alpha2": "TZ",
    "alpha3": "TZA",
    "region": "East Africa",
    "capital": "Dodoma"
  },
  "Togo": {
    "alpha2": "TG",
    "alpha3": "TGO",
    "region": "West Africa",
    "capital": "Lomé"
  },
  "Tunisia": {
    "alpha2": "TN",
    "alpha3": "TUN",
    "region": "North Africa",
    "capital": "Tunis"
  },
  "Uganda": {
    "alpha2": "UG",
    "alpha3": "UGA",
    "region": "East Africa",
    "capital": "Kampala"
  },
  "Zambia": {
    "alpha2": "ZM",
    "alpha3": "ZMB",
    "region": "East Africa",
    "capital": "Lusaka"
  },
  "Zimbabwe": {
    "alpha2": "ZW",
    "alpha3": "ZWE",
    "region": "South Africa",
    "capital": "Harare"
  },
  "Western Sahara": {
    "alpha2": "EH",
    "alpha3": "ESH",
    "region": "North Africa",
    "capital": "Laayoune"
  }
}
